label,tree_size,vanilla_tok_s,ragged_tok_s,speedup,v_acc_per_step,r_acc_per_step
4,4,40.286783175609294,40.70293087436464,1.0103296333425622,2.089347079037801,2.300751879699248
8,8,44.38681255510113,43.112265112985995,0.97128544788989,2.35,2.4538152610441766
16,16,53.431134347607916,46.14743762281757,0.8636806645839733,2.933333333333333,2.7309417040358746
32,32,55.610690986045036,45.92607810644885,0.8258498013983238,3.2526315789473683,2.9
64,64,49.58872625668083,47.20683951632683,0.9519671723765419,3.1015228426395938,3.2041884816753927
128,128,45.91682418067335,50.51926968619304,1.1002344040042926,3.317204301075269,3.967741935483871
256,256,43.72970574886149,35.941711730511734,0.8219060959825343,4.236111111111111,3.6488095238095237
512,512,24.49578849284571,24.430431072419104,0.9973318915434916,4.232876712328767,4.1521739130434785
1024,1024,11.038165271890534,13.84085042348985,1.253908605512236,4.6,4.34965034965035
