label,tree_size,vanilla_tok_s,ragged_tok_s,speedup,v_acc_per_step,r_acc_per_step
2x4,9,43.82952190019932,40.43404276430494,0.9225298614110838,2.3346153846153848,2.346007604562738
4x4,17,47.36232098077346,40.447700717024205,0.8540058823013295,2.6016949152542375,2.3828125
8x4,33,49.20795600838854,40.780079040298695,0.8287293833815585,2.7981651376146788,2.483739837398374
16x4,65,48.45362692899762,44.36477017919545,0.9156129889761638,2.9330143540669855,2.8826291079812205
32x4,129,41.567192859390836,43.00435399931234,1.034574409313205,2.9902439024390244,3.3118279569892475
