batch_size,branching_factor,depth,num_tokens,num_heads,head_dim,passed,peak_abs_err,mean_abs_err,peak_rel_err,mean_rel_err,atol,rtol,oom_skipped
1,2,3,15,4,64,True,1.1920928955078125e-07,3.1044087439591195e-11,0.0007510955329053104,1.9559780639610835e-07,0.01,0.01,False
1,2,3,15,32,128,True,0.0009765625,6.150222020551155e-08,0.0018871891079470515,5.92392780163209e-07,0.01,0.01,False
4,3,5,364,4,64,True,0.0009765625,5.6864887909569006e-08,0.036028966307640076,1.068899564415915e-06,0.01,0.01,False
4,3,5,364,32,128,True,0.001953125,7.33398479724201e-08,0.10056008398532867,1.1325205377943348e-06,0.01,0.01,False
2,4,5,1365,4,64,True,0.0009765625,5.6615800048120946e-08,0.04591955244541168,1.0314116707377252e-06,0.01,0.01,False
2,4,5,1365,32,128,True,0.0009765625,7.366823240317899e-08,0.09440726041793823,1.2111587466279161e-06,0.01,0.01,False
