context_length,depth,total_token,top_k,label,vanilla_tok_s,vanilla_acc,vanilla_verify,ragged_tok_s,ragged_acc,ragged_verify,e2e_speedup
0,6,31,6,b=6 d=6 tt=31,61.36666666666667,4.711,0.7248,60.9,4.643,0.7220666666666666,0.9924333333333334
0,6,123,24,b=24 d=6 tt=123,61.76666666666667,5.355,0.7341000000000001,60.6,5.361,0.7363666666666667,0.9811333333333333
0,24,123,6,b=6 d=24 tt=123,40.0,5.385000000000001,0.4749666666666667,40.6,5.409,0.4695666666666667,1.015
0,24,494,24,b=24 d=24 tt=494,,,,,,,
