context_length,depth,total_token,top_k,label,vanilla_tok_s,vanilla_acc,vanilla_verify,ragged_tok_s,ragged_acc,ragged_verify,e2e_speedup
0,6,31,6,b=6 d=6 tt=31,62.73333333333333,4.711,0.7186,61.1,4.643,0.7218666666666667,0.9739666666666666
0,6,82,16,b=16 d=6 tt=82,64.1,5.204,0.7272666666666666,61.70000000000001,5.189,0.7341666666666665,0.9626
0,6,123,24,b=24 d=6 tt=123,62.6,5.355,0.7305666666666667,60.73333333333333,5.361,0.7366,0.9701333333333334
0,16,82,6,b=6 d=16 tt=82,48.4,5.212,0.55,48.4,5.215,0.5496666666666666,1.0
0,16,219,16,b=16 d=16 tt=219,45.06666666666666,5.971,0.5999,44.166666666666664,5.954,0.6023,0.98
0,16,329,24,b=24 d=16 tt=329,37.766666666666666,6.196000000000001,0.6603333333333333,38.1,6.192,0.6536,1.0088
0,24,123,6,b=6 d=24 tt=123,40.4,5.385000000000001,0.4705333333333333,40.63333333333333,5.409,0.4694333333333333,1.0058
0,24,329,16,b=16 d=24 tt=329,32.266666666666666,6.025000000000001,0.5874333333333334,32.666666666666664,6.087,0.5828000000000001,1.0124
0,24,494,24,b=24 d=24 tt=494,,,,,,,
