depth,N_tree,branching,acc_per_step,tok_per_sec,verify_ms,verify_fraction
2,30,16,3.5470169446630893,54.71279575712324,54.09217377752428,0.8346390741462141
4,55,16,4.671686361739426,64.50941501043307,56.04822042206715,0.7737722302965464
6,82,16,5.454893811379085,66.71632259962875,59.3207891061082,0.7253909350005634
8,110,16,5.955882210813383,65.96056346356964,61.760702574836465,0.684016008859713
10,137,16,6.0523613180849765,59.07024567920557,67.54954083192862,0.6594372932801411
12,165,16,6.258222829546359,55.65087050079196,71.3911863195636,0.6349047362313084
16,219,16,6.423772056297497,46.50356425715597,82.5392920812703,0.5979489000493213
